conversation_id,start_utc,duration_secs,cost_credits,llm_charge,call_charge,llm_price_usd,tier,status
conv_3701krxkrs8ffrja25qm75pd6ncy,2026-05-18T13:17:59.000Z,601,4459,51,4408,0.009255000000000001,creator,done
conv_1901krxkpydvfa5a3amctartqx3e,2026-05-18T13:17:02.000Z,22,162,0,162,0.0000814,creator,done
conv_2601krxknrkpf1avt725ved5dfap,2026-05-18T13:16:27.000Z,5,41,0,41,0,creator,done
conv_7301krxkm6d9fxzszx92z4526kvj,2026-05-18T13:16:13.000Z,0,0,,,,,failed
conv_3701krxkj2gwem7apjps4bagf93p,2026-05-18T13:14:19.000Z,32,237,0,237,0.00007370000000000002,creator,done
conv_7001krxkcy9mf5rb2c54wnt159ca,2026-05-18T13:11:37.000Z,24,196,17,179,0.0031138,creator,done
conv_2101krxkazncek5tnz0eggd3ey79,2026-05-18T13:10:27.000Z,32,238,0,238,0.0000814,creator,done
conv_2801krr7gf8peeaahf1kzamf9vbt,2026-05-16T11:07:34.000Z,2,0,0,0,0,creator,failed
conv_7501krr7evzge6ktjarkzjkvteer,2026-05-16T11:07:25.000Z,0,0,,,,,failed
conv_2901krr7dsy9fwxb4knrr8xa5gk6,2026-05-16T11:06:33.000Z,0,0,,,,,failed
conv_2101krr7cg9rfxjbbyvygmzd6h9y,2026-05-16T11:05:29.000Z,2,0,0,0,0,creator,failed
conv_3301krr7aqjhe83bg2g1qy58a0b7,2026-05-16T11:05:13.000Z,0,0,,,,,failed
conv_6801krr795wsekr9sckaw4dtr5dp,2026-05-16T11:04:17.000Z,0,0,,,,,failed
conv_7001krr77sqpe5ps29fjmd6641ez,2026-05-16T11:02:46.000Z,2,0,0,0,0,creator,failed
conv_5601krr77940feqa2dfvzmphe80e,2026-05-16T11:02:41.000Z,0,0,,,,,failed
conv_8201krr76f5cepds0mh9h2masmt0,2026-05-16T11:02:06.000Z,2,0,0,0,0,creator,failed
conv_0001krr74m3mf1c9n160gr48eatn,2026-05-16T11:01:19.000Z,2,0,0,0,0,creator,failed
conv_6801krr736tse38s9tpe37ndt2w5,2026-05-16T11:00:54.000Z,0,0,,,,,failed
conv_5301krr71hwqe3cvw0j6y42f7xy3,2026-05-16T11:00:11.000Z,0,0,,,,,failed
conv_1201krr703hnfay82axnkv327dsh,2026-05-16T10:59:16.000Z,0,0,,,,,failed
conv_7901krr6y4gde2ev2ywbvaryzqjd,2026-05-16T10:57:44.000Z,2,0,0,0,0,creator,failed
conv_9201krr6wm6zev9vtwqwxadmtawt,2026-05-16T10:56:52.000Z,2,0,0,0,0,creator,failed
conv_0501krr6tq82fsma0gtd1zy7h99v,2026-05-16T10:56:34.000Z,0,0,,,,,failed
conv_6701krr6te31eepa7qse33ychbzg,2026-05-16T10:55:32.000Z,0,0,,,,,failed
conv_6101krr6sm9be5j8kydcgec485g3,2026-05-16T10:55:22.000Z,0,0,,,,,failed
conv_1101krr6sggafg2a05sar709yrat,2026-05-16T10:54:56.000Z,0,0,,,,,failed
conv_5101krr6q827fsg9zecq746z8c4d,2026-05-16T10:54:20.000Z,2,0,0,0,0,creator,failed
conv_9901krr6ph5xee28a4b1ft0jetsz,2026-05-16T10:53:39.000Z,0,0,,,,,failed
conv_8101krr6mz4cfqwsc5fmk6p49hbh,2026-05-16T10:53:14.000Z,0,0,,,,,failed
conv_1701krr6m2e5f5ttbwdnrybfa7q0,2026-05-16T10:52:00.000Z,2,0,0,0,0,creator,failed
conv_2601krr6k4r7e2nr3vvdrenn7h7w,2026-05-16T10:51:39.000Z,2,0,0,0,0,creator,failed
conv_1601krr6ja2qf3z972r4s8wbxxeb,2026-05-16T10:51:01.000Z,2,0,0,0,0,creator,failed
conv_5401krr6gcksfdetba0dmb01f3sq,2026-05-16T10:50:20.000Z,2,0,0,0,0,creator,failed
conv_6101krr6est1eezr1smah7yvx10z,2026-05-16T10:49:29.000Z,2,0,0,0,0,creator,failed
conv_3301krr6e5qnewpay55xmaez7fnx,2026-05-16T10:49:01.000Z,0,0,,,,,failed
conv_5201krr6cpr4f0jagqtc9b3zy96j,2026-05-16T10:48:40.000Z,0,0,,,,,failed
conv_8601krr6bw0wf7rr37tnp4a8gg6c,2026-05-16T10:47:52.000Z,0,0,,,,,failed
conv_3301krr6aj5vew0bfmrd174z4jx5,2026-05-16T10:47:06.000Z,3,0,0,0,0,creator,failed
conv_4201krr692h4fw6vtb226jpcqzp2,2026-05-16T10:46:42.000Z,0,0,,,,,failed
conv_2001krr67dpee43t4sn2xrx4tcn2,2026-05-16T10:45:17.000Z,2,0,0,0,0,creator,failed
conv_7801krr65cn3f78a32wp35dnn4qa,2026-05-16T10:44:12.000Z,2,0,0,0,0,creator,failed
conv_7701krr63psneb6ryaameywayep1,2026-05-16T10:43:16.000Z,2,0,0,0,0,creator,failed
conv_0101krr62ay1fw09k6c9xjhnhdde,2026-05-16T10:42:27.000Z,2,0,0,0,0,creator,failed
conv_6501krr60dtaf63twbbgn8jbzfep,2026-05-16T10:42:10.000Z,0,0,,,,,failed
conv_9901krr5xjwaf24ae6ccztzqpn2j,2026-05-16T10:40:09.000Z,2,0,0,0,0,creator,failed
conv_8301krr5wbh7fyhrg7xdds8x6a3s,2026-05-16T10:39:14.000Z,0,0,,,,,failed
conv_7401krr5tdq7eamvqn65y3w05yzc,2026-05-16T10:38:15.000Z,2,0,0,0,0,creator,failed
conv_0801krr5sb94fvkbcvzk3d36szt3,2026-05-16T10:37:29.000Z,2,0,0,0,0,creator,failed
conv_5001krr5rkptfssafbfwy94sq1y7,2026-05-16T10:37:19.000Z,0,0,,,,,failed
conv_0001krr5qkykexnt8w19wpwrge2h,2026-05-16T10:36:37.000Z,2,0,0,0,0,creator,failed
conv_4601krr5nvf9fd98gt48aef8n8hf,2026-05-16T10:35:48.000Z,10,5,0,5,0,creator,done
conv_4901krr5m2z7fwgb3xvfqh7z92yc,2026-05-16T10:34:31.000Z,17,5,0,5,0.000054600000000000006,creator,failed
conv_0701krr58cfxewkajvdzf8q1agj8,2026-05-16T10:28:08.000Z,348,2455,22,2433,0.0040841,creator,failed
conv_2001krr4zx1affrsexhee7fjsvzh,2026-05-16T10:23:36.000Z,235,1804,80,1724,0.014484200000000003,creator,done
conv_5001krr4x25qer7s8azn7y194nm8,2026-05-16T10:22:09.000Z,53,392,2,390,0.0005028000000000001,creator,done
conv_4801krr4v9p7fct8rmwmtdsrv0zn,2026-05-16T10:21:04.000Z,12,85,0,85,0,creator,done
conv_0601krr4stm0f1gb9svst2923dk8,2026-05-16T10:20:29.000Z,7,54,0,54,0,creator,done
conv_4801krr4s3sffmp8ephhgvd0wy00,2026-05-16T10:20:05.000Z,0,0,,,,,failed
conv_9501krr4q5bsf2gtqg80ayt3v4am,2026-05-16T10:19:40.000Z,0,0,,,,,failed
conv_8901krr4pm7tey5bmgav2g5w01v4,2026-05-16T10:18:39.000Z,0,0,,,,,failed
conv_5801krqhy53xen7vzf9e0n9ctw08,2026-05-16T04:50:29.000Z,76,557,1,556,0.0002205,creator,done
conv_6801krqhxct6etq8z9d8s880x7y7,2026-05-16T04:50:24.000Z,0,0,,,,,failed
conv_3301krqhvr0cepnb4kmjx9q2e3dx,2026-05-16T04:49:23.000Z,18,131,0,131,0,creator,done
conv_1801krqhh64cf148wyhfntgw3qg8,2026-05-16T04:43:59.000Z,283,2152,78,2074,0.014156,creator,done
conv_6901krdttgdnf5avycxhpv22smsq,2026-05-12T10:13:30.000Z,0,0,,,,,initiated
conv_3501krdg7tede31asedhj0xedd2w,2026-05-12T07:08:21.000Z,85,684,60,624,0.010851900000000001,creator,done
conv_4301krdazegdem0smkfwscdqtkds,2026-05-12T05:36:33.000Z,398,3076,160,2916,0.029027900000000002,creator,done
conv_4101krdamtgpegk8xxz1hhf9v0pv,2026-05-12T05:30:46.000Z,31,226,0,226,0.0000864,creator,done
conv_0101kr3fnkzye158562btc2w8e3z,2026-05-08T09:46:28.000Z,0,0,,,,,failed
conv_8401kr19hjcqfx0tdb9s9n65k0js,2026-05-07T13:20:28.000Z,5,39,0,39,0,creator,done
conv_4801kr15gqc0etwsanvmpa9fwjny,2026-05-07T12:11:06.000Z,0,0,,,,,failed
conv_5301kr1568mwfaf97z07resknadx,2026-05-07T12:05:23.000Z,0,0,,,,,failed
conv_7001kr155z5sepkszwdkxyramfcm,2026-05-07T12:04:13.000Z,7,47,0,47,0,creator,done
conv_8401kr155aeyezevan70jdzgcwm1,2026-05-07T12:03:58.000Z,0,0,,,,,initiated
conv_2501kr15196gfp59pg26vn5ed627,2026-05-07T12:01:52.000Z,0,0,,,,,initiated
conv_8001kr0vye0efcaarmtqbydwvk2v,2026-05-07T09:23:43.000Z,0,0,,,,,failed
conv_0701kr0p0sazfmq852w0e3frxyty,2026-05-07T07:39:45.000Z,0,0,,,,,failed
conv_7301kr0nz8pbfpksf2wf0a9jcvw1,2026-05-07T07:39:07.000Z,0,0,,,,,failed
conv_3701kqyq6zjpf5vaf7fm773kpkn8,2026-05-06T13:21:46.000Z,0,0,,,,creator,failed
conv_2101kqynt1z9fxe8c81eted736sv,2026-05-06T12:57:06.000Z,70,587,69,518,0.012608850000000001,creator,done
conv_5901kqyn7wzmfdkrk6hgx5w6bdg8,2026-05-06T12:47:27.000Z,24,191,9,182,0.00163963,creator,done
conv_5801kqyn5kw1ewt9kgvj4dvc6jdq,2026-05-06T12:46:16.000Z,80,638,54,584,0.00988097,creator,done
conv_3601kqykncs8eb28k8handpp49w0,2026-05-06T12:19:36.000Z,38,358,79,279,0.01433085,creator,done
conv_5601kqyk88myev78k325ybdqe1qv,2026-05-06T12:13:11.000Z,0,0,,,,,failed
conv_6201kqygr0mreqmb8sq3qmx1yf1d,2026-05-06T11:28:36.000Z,236,1868,137,1731,0.024782099999999998,creator,done
conv_1001kqyajz87fd4shaezehcc40vk,2026-05-06T09:40:59.000Z,92,716,42,674,0.0075750999999999995,creator,done
conv_8001kqyaf113ep1vy4cdrz7jxxsv,2026-05-06T09:38:50.000Z,52,395,15,380,0.0028712,creator,done
conv_1701kqya7zazfx6t51vjzk4zqvva,2026-05-06T09:34:59.000Z,120,945,61,884,0.0111178,creator,done
conv_8801kqy21zwmfyv8x7y37x4h4zw7,2026-05-06T07:11:54.000Z,125,979,65,914,0.011816250000000002,creator,done
conv_9401kqy1z1nvfwprw5f9b456crky,2026-05-06T07:10:18.000Z,23,176,6,170,0.00103875,creator,done
conv_0401kqxyw2y9eb1rmg5zyjtyf8gn,2026-05-06T06:16:15.000Z,165,1443,230,1213,0.0418666,creator,done
conv_9101kqxyjwa6f7ja3yg2eq3y9zmg,2026-05-06T06:11:13.000Z,114,994,163,831,0.02968145,creator,done
conv_2401kqxy87ywe79877nhsgc6tyv7,2026-05-06T06:05:25.000Z,335,2975,516,2459,0.0937405,creator,done
conv_7001kqxy7dgfe54twjjnbt5pxmt3,2026-05-06T06:05:07.000Z,0,0,,,,,initiated
conv_5701kqw98fvje8gsrkcx019s07v2,2026-05-05T14:39:27.000Z,351,4465,1892,2573,0.34386490000000003,creator,done
conv_9301kqvxj4q7fr7ty77a68t84wz1,2026-05-05T11:14:52.000Z,111,1004,186,818,0.0338954,creator,done
conv_4201kqvxa1r4e82927245kzbka4v,2026-05-05T11:10:26.000Z,242,2049,274,1775,0.04975135,creator,done
conv_5401kqvx4q65ea1vkwmbexsyrb27,2026-05-05T11:07:42.000Z,142,1136,94,1042,0.016972649999999992,creator,done
conv_6401kqvwbc0yftw8w4y76mkn3m1r,2026-05-05T10:53:41.000Z,216,1820,239,1581,0.043318550000000004,creator,done
conv_8301kqvvq7qgfpqtweap4yc11cwq,2026-05-05T10:42:50.000Z,215,1730,155,1575,0.028259549999999994,creator,done
conv_9501kqvpet4vew88pr3v7v5z1shj,2026-05-05T09:10:51.000Z,273,2116,116,2000,0.021217450000000002,creator,done
conv_4801kqvkynwyf0prspyek1pjepyy,2026-05-05T08:26:57.000Z,151,1162,49,1113,0.008818949999999999,creator,done
conv_0101kqvknffmfbgbft603aa6548a,2026-05-05T08:22:05.000Z,322,2890,529,2361,0.09608335,creator,done
conv_3001kqvhykkef0srhxkphqrqr2cr,2026-05-05T07:51:57.000Z,46,58,26,32,0.004714349999999999,creator,done
conv_9901kqsf99twekttjkq8p935dn87,2026-05-04T12:26:53.000Z,602,22,6,16,0.0011231,creator,done
conv_7201kqsafq3rf3ftk2dttdhzgyfc,2026-05-04T11:03:12.000Z,412,3102,83,3019,0.015085900000000001,creator,done
conv_4901kqs488zefgs8w3fgvxtjzpba,2026-05-04T09:14:50.000Z,0,0,,,,,failed
conv_1701kqs2j76zev7aw3vjecxq2dgc,2026-05-04T08:44:43.000Z,457,3523,168,3355,0.0306751,creator,done
conv_0301kqs2ew0efgtta0hkhkgkyj8z,2026-05-04T08:43:02.000Z,52,405,21,384,0.0038461000000000003,creator,done
conv_5001kqrypp9xf8prpj0wspskvcp8,2026-05-04T07:37:13.000Z,255,1940,74,1866,0.013389499999999999,creator,done
conv_4801kqry5k95eff8j22shbe0cnyq,2026-05-04T07:27:55.000Z,457,3486,136,3350,0.0245745,creator,done
conv_6701kqrxh45mfe094w02wf0w2dxt,2026-05-04T07:16:42.000Z,225,1754,107,1647,0.019562300000000005,creator,done
conv_4001kqrx3g90ektt1px432613xfx,2026-05-04T07:09:18.000Z,181,1743,412,1331,0.07492536000000001,creator,done
conv_9701kqrwxdhaf7ptqsek0t9krdqa,2026-05-04T07:06:03.000Z,115,1104,256,848,0.046541839999999994,creator,done
conv_3301kqm19fcvf58b1r0h8jxrvqhj,2026-05-02T09:46:19.000Z,440,4353,1124,3229,0.20441275999999992,creator,done
conv_1601kqm0t275e6rtas5x02j08scr,2026-05-02T09:37:51.000Z,272,2640,642,1998,0.11683811999999999,creator,done
conv_8201kqkysbtrf6m9s840wr0a66te,2026-05-02T09:02:29.000Z,216,1927,341,1586,0.061880480000000015,creator,done
conv_2801kqkx5j5wfw5s2ngnmmgff712,2026-05-02T08:34:14.000Z,85,744,122,622,0.022266159999999997,creator,done
conv_2901kqf55h2res6bqmm3khxh2q40,2026-04-30T12:18:02.000Z,575,5012,903,4109,0.1641216,creator,done
conv_3901kqes5wj1f75acwp8vr9k9169,2026-04-30T08:48:17.000Z,214,1991,425,1566,0.07717987999999999,creator,done
conv_8901kqep9szye6gbk1fbb03t05kg,2026-04-30T07:57:58.000Z,160,1453,276,1177,0.05017384,creator,done
conv_7301kqep57gcen4963da719m79s2,2026-04-30T07:55:30.000Z,44,355,30,325,0.00550104,creator,done
conv_4901kqcpjfrmfnq8sy9rsp5zdn0t,2026-04-29T13:24:17.000Z,114,1099,261,838,0.04744048000000001,creator,done
conv_9301kqc36gz4e88a20t1fns700h8,2026-04-29T07:45:31.000Z,236,2198,471,1727,0.08566828,creator,done
conv_3801kqc35bpeewvvvw08zfh57j3t,2026-04-29T07:45:04.000Z,19,139,0,139,0,creator,done
conv_9001kqbtrq6afwmtc2ev6vszmrqg,2026-04-29T05:18:20.000Z,601,6175,1767,4408,0.32131628,creator,done
conv_3101kqa86hpeff0sfdyqm2e9167v,2026-04-28T14:34:34.000Z,187,1655,283,1372,0.05151383,creator,done
conv_1101kqa48m1heq59rgar6b6e725h,2026-04-28T13:25:50.000Z,304,2666,441,2225,0.080197,creator,done
conv_8701kqa1bvkqf8ja5th3v4416dr1,2026-04-28T12:35:15.000Z,64,557,83,474,0.01508085,creator,done
conv_5301kqa0kk20ffjtjs58g7fpkyps,2026-04-28T12:21:51.000Z,308,2902,647,2255,0.11779379999999999,creator,done
conv_0601kq9qhnahewjtjasc6mh20f7v,2026-04-28T09:43:38.000Z,522,5149,1320,3829,0.23988991999999992,creator,done
conv_9901kq9qfx2cfzwafkxx72vhmnqt,2026-04-28T09:42:59.000Z,0,0,,,,,failed
conv_6101kq9py6m2fhsrgy5gyzvvpgz1,2026-04-28T09:33:01.000Z,444,4054,796,3258,0.14476811999999994,creator,done
conv_7701kq9ne3e9f0fragbp1nea963g,2026-04-28T09:06:49.000Z,449,3903,604,3299,0.10982103999999998,creator,done
conv_8401kq9mpwm5enbtfjb176wnvs26,2026-04-28T08:53:50.000Z,14,107,0,107,0,creator,done
conv_8201kq9ky5xbea3vgmqsath3s2s4,2026-04-28T08:40:27.000Z,215,1829,259,1570,0.04713327999999999,creator,done
conv_5301kq9ktvmweztb0sfgh4ersh59,2026-04-28T08:38:40.000Z,18,131,0,131,0,creator,done
conv_4001kq9kg99teey9e7stmwyvdkb7,2026-04-28T08:32:54.000Z,63,536,71,465,0.0129426,creator,done
conv_4901kq9k2sh0faetjyn1v6fkkqbm,2026-04-28T08:25:31.000Z,73,600,70,530,0.01268072,creator,done
conv_3201kq9g04f6e84bke9ckmhbwjmn,2026-04-28T07:31:30.000Z,286,2318,219,2099,0.03990559999999999,creator,done
conv_5401kq9fx9qtf9waphn14prf9aq2,2026-04-28T07:29:57.000Z,83,728,120,608,0.021861279999999997,creator,done
conv_7001kq9cem94ehdadrjkase2pvdj,2026-04-28T06:29:31.000Z,100,903,165,738,0.029951679999999998,creator,done
conv_5801kq9cdy8ge8993z98rr56qxen,2026-04-28T06:29:08.000Z,11,0,0,0,0,creator,done
conv_0001kq9brzq6ea8szgb71yb5tvjv,2026-04-28T06:17:41.000Z,324,2867,496,2371,0.09007247999999998,creator,done
conv_8401kq9bpqe8f788ddxxdn0b2vtm,2026-04-28T06:16:27.000Z,8,56,0,56,0,creator,done
conv_6101kq6v8dpveye8vvtsgd4ccmf5,2026-04-27T06:50:33.000Z,479,94,46,48,0.00842864,creator,done
conv_2001kpwqbh74eqzrnfkx6fbz59cj,2026-04-23T08:30:09.000Z,86,707,75,632,0.013686680000000003,creator,done
conv_6001kpwqa04sf6j8grmd18jnmgen,2026-04-23T08:29:14.000Z,27,223,28,195,0.004943959999999999,creator,done
conv_1501kpwq47nqfs7s8n8h2aehxksc,2026-04-23T08:25:57.000Z,45,425,90,335,0.016417440000000002,creator,done
conv_1501kpwq3ny9fq49hqe0b012t122,2026-04-23T08:25:39.000Z,11,0,0,0,0,creator,done